{"master_volume": 1.0, "music_volume": 1.0, "sfx_volume": 1.0, "rotate_speed": 0.06544984694978735, "gravity": 0.010000000000000002, "jump_velocity": 0.7}