{"master_volume": 0.40000000000000013, "music_volume": 0.20000000000000015, "sfx_volume": 1.0, "rotate_speed": 0.2617993877991494, "gravity": 0.009999999999999995, "jump_velocity": 0.6900000000000004}