{"master_volume": 1.0, "music_volume": 0.40000000000000013, "sfx_volume": 1.0, "rotate_speed": 0.06544984694978735, "gravity": 0.01, "jump_velocity": 0.3}